Automated commit on Tue Feb  4 07:38:35 UTC 2025
Automated commit on Wed Feb  5 01:45:42 UTC 2025
Automated commit on Thu Feb  6 01:45:48 UTC 2025
Automated commit on Fri Feb  7 01:46:08 UTC 2025
Automated commit on Sat Feb  8 01:42:35 UTC 2025
Automated commit on Sun Feb  9 01:49:48 UTC 2025
Automated commit on Mon Feb 10 01:47:13 UTC 2025
Automated commit on Tue Feb 11 01:45:41 UTC 2025
Automated commit on Wed Feb 12 01:45:54 UTC 2025
Automated commit on Thu Feb 13 01:46:38 UTC 2025
Automated commit on Fri Feb 14 01:45:54 UTC 2025
Automated commit on Sat Feb 15 01:44:40 UTC 2025
Automated commit on Sun Feb 16 01:53:18 UTC 2025
Automated commit on Mon Feb 17 01:49:34 UTC 2025
Automated commit on Tue Feb 18 01:45:52 UTC 2025
Automated commit on Wed Feb 19 01:46:59 UTC 2025
Automated commit on Thu Feb 20 01:47:19 UTC 2025
Automated commit on Fri Feb 21 01:47:27 UTC 2025
Automated commit on Sat Feb 22 01:43:56 UTC 2025
Automated commit on Sun Feb 23 01:53:24 UTC 2025
Automated commit on Mon Feb 24 01:50:08 UTC 2025
Automated commit on Tue Feb 25 01:49:15 UTC 2025
Automated commit on Wed Feb 26 01:48:46 UTC 2025
Automated commit on Thu Feb 27 01:49:26 UTC 2025
Automated commit on Fri Feb 28 01:49:32 UTC 2025
Automated commit on Sat Mar  1 01:55:46 UTC 2025
Automated commit on Sun Mar  2 01:54:41 UTC 2025
Automated commit on Mon Mar  3 01:52:41 UTC 2025
Automated commit on Tue Mar  4 01:51:19 UTC 2025
Automated commit on Wed Mar  5 01:51:15 UTC 2025
Automated commit on Thu Mar  6 01:51:28 UTC 2025
Automated commit on Fri Mar  7 01:52:00 UTC 2025
Automated commit on Sat Mar  8 01:23:11 UTC 2025
Automated commit on Sun Mar  9 01:35:47 UTC 2025
Automated commit on Mon Mar 10 01:33:58 UTC 2025
Automated commit on Tue Mar 11 01:52:20 UTC 2025
Automated commit on Wed Mar 12 01:50:59 UTC 2025
Automated commit on Thu Mar 13 01:52:40 UTC 2025
Automated commit on Fri Mar 14 01:50:39 UTC 2025
Automated commit on Sat Mar 15 01:49:41 UTC 2025
Automated commit on Sun Mar 16 01:58:38 UTC 2025
Automated commit on Mon Mar 17 01:55:25 UTC 2025
Automated commit on Tue Mar 18 01:53:12 UTC 2025
Automated commit on Wed Mar 19 01:53:21 UTC 2025
Automated commit on Thu Mar 20 01:52:27 UTC 2025
Automated commit on Fri Mar 21 01:54:17 UTC 2025
Automated commit on Sat Mar 22 01:51:09 UTC 2025
Automated commit on Sun Mar 23 01:59:39 UTC 2025
Automated commit on Mon Mar 24 01:57:12 UTC 2025
Automated commit on Tue Mar 25 01:54:55 UTC 2025
Automated commit on Wed Mar 26 01:54:04 UTC 2025
Automated commit on Thu Mar 27 01:53:39 UTC 2025
Automated commit on Fri Mar 28 01:54:10 UTC 2025
Automated commit on Sat Mar 29 01:53:01 UTC 2025
Automated commit on Sun Mar 30 02:02:19 UTC 2025
Automated commit on Mon Mar 31 02:00:24 UTC 2025
Automated commit on Tue Apr  1 02:07:02 UTC 2025
Automated commit on Wed Apr  2 01:56:14 UTC 2025
Automated commit on Thu Apr  3 01:54:43 UTC 2025
Automated commit on Fri Apr  4 01:54:37 UTC 2025
Automated commit on Sat Apr  5 01:53:05 UTC 2025
Automated commit on Sun Apr  6 02:01:01 UTC 2025
Automated commit on Mon Apr  7 01:58:23 UTC 2025
Automated commit on Tue Apr  8 01:55:30 UTC 2025
Automated commit on Wed Apr  9 01:55:31 UTC 2025
Automated commit on Thu Apr 10 01:55:42 UTC 2025
Automated commit on Fri Apr 11 01:56:17 UTC 2025
Automated commit on Sat Apr 12 01:53:34 UTC 2025
Automated commit on Sun Apr 13 03:22:13 UTC 2025
Automated commit on Mon Apr 14 02:00:27 UTC 2025
Automated commit on Tue Apr 15 01:59:10 UTC 2025
Automated commit on Wed Apr 16 01:58:42 UTC 2025
Automated commit on Thu Apr 17 01:56:56 UTC 2025
Automated commit on Fri Apr 18 01:54:08 UTC 2025
Automated commit on Sat Apr 19 01:52:28 UTC 2025
Automated commit on Sun Apr 20 02:04:04 UTC 2025
Automated commit on Mon Apr 21 02:03:02 UTC 2025
Automated commit on Tue Apr 22 01:57:52 UTC 2025
Automated commit on Wed Apr 23 01:58:25 UTC 2025
Automated commit on Thu Apr 24 01:58:55 UTC 2025
Automated commit on Fri Apr 25 01:59:31 UTC 2025
Automated commit on Sat Apr 26 01:55:06 UTC 2025
Automated commit on Sun Apr 27 02:04:40 UTC 2025
Automated commit on Mon Apr 28 02:02:36 UTC 2025
Automated commit on Tue Apr 29 02:00:03 UTC 2025
Automated commit on Wed Apr 30 01:59:36 UTC 2025
Automated commit on Thu May  1 02:08:53 UTC 2025
Automated commit on Fri May  2 02:00:23 UTC 2025
Automated commit on Sat May  3 01:57:33 UTC 2025
Automated commit on Sun May  4 02:10:13 UTC 2025
Automated commit on Mon May  5 02:04:48 UTC 2025
Automated commit on Tue May  6 02:01:25 UTC 2025
Automated commit on Wed May  7 02:02:00 UTC 2025
Automated commit on Thu May  8 02:02:59 UTC 2025
Automated commit on Fri May  9 02:01:41 UTC 2025
Automated commit on Sat May 10 01:56:57 UTC 2025
Automated commit on Sun May 11 02:08:00 UTC 2025
Automated commit on Mon May 12 02:05:52 UTC 2025
Automated commit on Tue May 13 02:03:17 UTC 2025
Automated commit on Wed May 14 02:02:04 UTC 2025
Automated commit on Thu May 15 02:00:39 UTC 2025
Automated commit on Fri May 16 02:03:32 UTC 2025
Automated commit on Sat May 17 01:59:49 UTC 2025
Automated commit on Sun May 18 02:09:36 UTC 2025
Automated commit on Mon May 19 02:08:16 UTC 2025
Automated commit on Tue May 20 02:03:55 UTC 2025
Automated commit on Wed May 21 02:03:36 UTC 2025
Automated commit on Thu May 22 02:03:16 UTC 2025
Automated commit on Fri May 23 02:02:54 UTC 2025
Automated commit on Sat May 24 01:58:25 UTC 2025
Automated commit on Sun May 25 02:17:41 UTC 2025
Automated commit on Mon May 26 02:06:54 UTC 2025
Automated commit on Tue May 27 02:02:20 UTC 2025
Automated commit on Wed May 28 02:04:18 UTC 2025
Automated commit on Thu May 29 02:03:55 UTC 2025
Automated commit on Fri May 30 02:01:55 UTC 2025
Automated commit on Sat May 31 02:01:20 UTC 2025
